"DESCRIPTION","DURATION IN MS","NAME","PARENT SUITE","START TIME","STATUS","STOP TIME","SUB SUITE","SUITE","TEST CLASS","TEST METHOD"
"
    核心并发用例：验证 Redis 锁能阻挡 5 个同时发起的并发请求
    ","573","test_redis_lock_prevents_overselling","tests","2026-09-13","passed","2026-09-13","","test_concurrency_lock","",""
"","1459","test_fuzz_create_order","tests","2026-09-13","failed","2026-09-13","TestOrderFuzzing","test_fuzz","",""
"
    深度灰盒测试：验证基于 MQ 的异步积分发放是否能达到最终一致性
    ","615","test_mq_eventual_consistency","tests","2026-09-13","passed","2026-09-13","","test_mq_consistency","",""
"","370","test_get_user[case_data0]","tests","2026-09-13","passed","2026-09-13","TestReqresAPI","test_reqres","",""
"
    高级自动化测试：验证异步 Webhook 回调能够正确流转订单状态
    ","508","test_async_payment_webhook","tests","2026-09-13","passed","2026-09-13","","test_async_webhook","",""
"
    这个测试用例不走真实的 8000 端口，
    而是直接在 pytest 内部把微服务加载进来打一次，
    这样 pytest-cov 就能精确统计到到底走了哪行代码！
    ","5","test_coverage_magic","tests","2026-09-13","passed","2026-09-13","","test_internal_cov","",""
"","21","test_full_order_lifecycle","tests","2026-09-13","failed","2026-09-13","TestOrderLifecycle","test_order","",""
"","346","test_get_user[case_data1]","tests","2026-09-13","passed","2026-09-13","TestReqresAPI","test_reqres","",""
